{
    "Mixed model on Female dataset": {
        "Test loss": 0.6010668117266434,
        "Test metrics": {
            "ACC": 0.7083333333333334,
            "F1-weighted": 0.576781124858048
        }
    },
    "Mixed model on Male dataset": {
        "Test loss": 0.6544570071356637,
        "Test metrics": {
            "ACC": 0.639557453416149,
            "F1-weighted": 0.5841049638998624
        }
    },
    "Female model on Male dataset": {
        "Test loss": 0.6803449136870248,
        "Test metrics": {
            "ACC": 0.5579386645962733,
            "F1-weighted": 0.4658376599629812
        }
    },
    "Female model on Mixed dataset": {
        "Test loss": 0.6754320992363824,
        "Test metrics": {
            "ACC": 0.5702711640211641,
            "F1-weighted": 0.48310701985526094
        }
    },
    "Male model on Female dataset": {
        "Test loss": 0.6912016387169178,
        "Test metrics": {
            "ACC": 0.5144230769230769,
            "F1-weighted": 0.45816128316128313
        }
    },
    "Male model on Mixed dataset": {
        "Test loss": 0.6855158496786047,
        "Test metrics": {
            "ACC": 0.5421626984126985,
            "F1-weighted": 0.4776536045270486
        }
    }
}