{
    "Mixed model on Female dataset": {
        "Test loss": 0.7117128223180771,
        "Test metrics": {
            "ACC": 0.7852564102564104,
            "F1-weighted": 0.6772031387416001
        }
    },
    "Mixed model on Male dataset": {
        "Test loss": 1.0611844956874847,
        "Test metrics": {
            "ACC": 0.6964285714285714,
            "F1-weighted": 0.6477164255911448
        }
    },
    "Female model on Male dataset": {
        "Test loss": 0.7029016656535012,
        "Test metrics": {
            "ACC": 0.5669642857142857,
            "F1-weighted": 0.5185094744033605
        }
    },
    "Female model on Mixed dataset": {
        "Test loss": 0.6520342081785202,
        "Test metrics": {
            "ACC": 0.6277006172839507,
            "F1-weighted": 0.5404045801694526
        }
    },
    "Male model on Female dataset": {
        "Test loss": 0.782842374764956,
        "Test metrics": {
            "ACC": 0.5192307692307693,
            "F1-weighted": 0.4531024531024531
        }
    },
    "Male model on Mixed dataset": {
        "Test loss": 0.7677255112815786,
        "Test metrics": {
            "ACC": 0.5366512345679012,
            "F1-weighted": 0.4692499948116701
        }
    }
}